Feature,Importance
IndicatorCode,47.5000796877203
Value,98.4325234868827
