model,tp,tn,fp,fn,accuracy,precision,recall,f1,roc_auc
random_forest,27,21,23,17,0.5454545454545454,0.54,0.6136363636363636,0.574468085106383,0.5077479338842975
logistic,43,3,41,1,0.5227272727272727,0.5119047619047619,0.9772727272727273,0.6718749999999999,0.5320247933884297
decision_tree,26,18,26,18,0.5,0.5,0.5909090909090909,0.5416666666666667,0.5309917355371899
naive_bayes,44,0,44,0,0.5,0.5,1,0.6666666666666666,0.465392561983471
